<?xml version="1.0" encoding="UTF-8"?>
<project version="4">
  <component name="AutoImportSettings">
    <option name="autoReloadType" value="NONE" />
  </component>
  <component name="ChangeListManager">
    <list default="true" id="5290ca7f-2168-45f3-946c-2aa750f6a8f0" name="Changes" comment="" />
    <option name="SHOW_DIALOG" value="false" />
    <option name="HIGHLIGHT_CONFLICTS" value="true" />
    <option name="HIGHLIGHT_NON_ACTIVE_CHANGELIST" value="false" />
    <option name="LAST_RESOLUTION" value="IGNORE" />
  </component>
  <component name="FileTemplateManagerImpl">
    <option name="RECENT_TEMPLATES">
      <list>
        <option value="CMakeLists.txt" />
        <option value="Dart File" />
      </list>
    </option>
  </component>
  <component name="MarkdownSettingsMigration">
    <option name="stateVersion" value="1" />
  </component>
  <component name="ProblemsViewState">
    <option name="selectedTabId" value="CurrentFile" />
  </component>
  <component name="ProjectId" id="2MMJdgkVX5ZvB4BC3PZgxvyXgst" />
  <component name="ProjectViewState">
    <option name="hideEmptyMiddlePackages" value="true" />
    <option name="showLibraryContents" value="true" />
  </component>
  <component name="PropertiesComponent">{
  &quot;keyToString&quot;: {
    &quot;RunOnceActivity.OpenProjectViewOnStart&quot;: &quot;true&quot;,
    &quot;RunOnceActivity.ShowReadmeOnStart&quot;: &quot;true&quot;,
    &quot;RunOnceActivity.cidr.known.project.marker&quot;: &quot;true&quot;,
    &quot;cidr.known.project.marker&quot;: &quot;true&quot;,
    &quot;dart.analysis.tool.window.visible&quot;: &quot;false&quot;,
    &quot;io.flutter.reload.alreadyRun&quot;: &quot;true&quot;,
    &quot;last_opened_file_path&quot;: &quot;C:/Users/Lenovo/Downloads/flutter apps/my_app/lib&quot;,
    &quot;settings.editor.selected.configurable&quot;: &quot;flutter.settings&quot;,
    &quot;show.migrate.to.gradle.popup&quot;: &quot;false&quot;,
    &quot;two.files.diff.last.used.file&quot;: &quot;C:/Users/Lenovo/Downloads/flutter apps/my_app/lib/main.dart&quot;
  }
}</component>
  <component name="RecentsManager">
    <key name="MoveFile.RECENT_KEYS">
      <recent name="C:\Users\Lenovo\Downloads\flutter apps\my_app\lib\screens" />
      <recent name="C:\Users\Lenovo\Downloads\flutter apps\my_app\lib\screen" />
      <recent name="C:\Users\Lenovo\Downloads\flutter apps\my_app\lib\widgets" />
      <recent name="C:\Users\Lenovo\Downloads\flutter apps\my_app\assets\fonts" />
      <recent name="C:\Users\Lenovo\Downloads\flutter apps\my_app\lib\models" />
    </key>
  </component>
  <component name="RunManager">
    <configuration name="flutter apps" type="FlutterRunConfigurationType" factoryName="Flutter" temporary="true">
      <option name="filePath" value="$PROJECT_DIR$/my_app/lib/main.dart" />
      <method v="2" />
    </configuration>
    <recent_temporary>
      <list>
        <item itemvalue="Flutter.flutter apps" />
      </list>
    </recent_temporary>
  </component>
  <component name="SpellCheckerSettings" RuntimeDictionaries="0" Folders="0" CustomDictionaries="0" DefaultDictionary="application-level" UseSingleDictionary="true" transferred="true" />
  <component name="TaskManager">
    <task active="true" id="Default" summary="Default task">
      <changelist id="5290ca7f-2168-45f3-946c-2aa750f6a8f0" name="Changes" comment="" />
      <created>1677571606804</created>
      <option name="number" value="Default" />
      <option name="presentableId" value="Default" />
      <updated>1677571606804</updated>
    </task>
    <servers />
  </component>
</project>